id,house_type,zone,total_area,rental_price,num_bedrooms,num_baths,security_level,air_quality_index,num_key_amenities
2718,BLW,KW,96,24000,2.0,1.0,2,0.19,15
2719,BLW,KW,92,23000,2.0,1.0,2,0.19,15
2720,BLW,KW,88,22000,2.0,1.0,1,0.26,15
2721,BLW,KW,89,22250,2.0,1.0,1,0.1,15
2722,BLW,KW,94,23500,2.0,1.0,1,0.11,15
2723,BLW,KW,114,28500,3.0,1.0,1,0.18,15
2724,BLW,KW,90,22500,2.0,1.0,2,0.2,15
2725,BLW,KW,108,27000,3.0,1.0,2,0.27,15
2726,BLW,KW,90,22500,2.0,1.0,1,0.11,15
2727,BLW,KW,82,20500,2.0,1.0,2,0.17,15
2728,BLW,KW,86,21500,2.0,1.0,1,0.17,15
2729,BLW,KW,109,27250,3.0,1.0,1,0.2,15
2730,BLW,KW,112,28000,3.0,1.0,2,0.15,15
2731,BLW,KW,89,22250,2.0,1.0,1,0.2,15
2732,BLW,KW,112,28000,3.0,1.0,1,0.21,15
2733,BLW,KW,96,24000,2.0,1.0,1,0.18,15
2734,BLW,KW,86,21500,2.0,1.0,2,0.12,15
2735,BLW,KW,114,28500,3.0,1.0,1,0.21,15
2736,BLW,KW,89,22250,2.0,1.0,1,0.17,15
2737,BLW,KW,119,29750,3.0,1.0,2,0.25,15
2738,BLW,KW,93,23250,2.0,1.0,2,0.27,15
2739,BLW,KW,106,26500,3.0,1.0,1,0.23,15
2740,BLW,KW,105,26250,3.0,1.0,1,0.23,15
2741,BLW,KW,106,26500,3.0,1.0,1,0.16,15
2742,BLW,KW,106,26500,3.0,1.0,2,0.28,15
2743,BLW,KW,111,27750,3.0,1.0,2,0.14,15
2744,BLW,KW,112,28000,3.0,1.0,2,0.16,15
2745,BLW,KW,103,25750,3.0,1.0,2,0.15,15
2746,BLW,KW,104,26000,3.0,1.0,1,0.19,15
2747,BLW,KW,93,23250,2.0,1.0,1,0.13,15
2748,BLW,KW,112,28000,3.0,1.0,2,0.21,15
2749,BLW,KW,94,23500,2.0,1.0,2,0.15,15
2750,BLW,KW,104,26000,3.0,1.0,1,0.1,15
2751,BLW,KW,120,30000,3.0,1.0,2,0.15,15
2752,BLW,KW,118,29500,3.0,1.0,2,0.2,15
2753,BLW,KW,80,20000,2.0,1.0,2,0.18,15
2754,BLW,KW,111,27750,3.0,1.0,2,0.23,15
2755,BLW,KW,103,25750,3.0,1.0,2,0.27,15
2756,BLW,KW,91,22750,2.0,1.0,1,0.19,15
2757,BLW,KW,83,20750,2.0,1.0,2,0.27,15
2758,BLW,KW,106,26500,3.0,1.0,2,0.24,15
2759,BLW,KW,83,20750,2.0,1.0,1,0.22,15
2760,BLW,KW,90,22500,2.0,1.0,1,0.18,15
2761,BLW,KW,80,20000,2.0,1.0,2,0.2,15
2762,BLW,KW,88,22000,2.0,1.0,2,0.23,15
2763,BLW,KW,81,20250,2.0,1.0,2,0.15,15
2764,BLW,KW,83,20750,2.0,1.0,2,0.18,15
2765,BLW,KW,105,26250,3.0,1.0,1,0.28,15
2766,BLW,KW,82,20500,2.0,1.0,2,0.11,15
2767,BLW,KW,114,28500,3.0,1.0,2,0.24,15
2768,BLW,KW,83,20750,2.0,1.0,2,0.13,15
2769,BLW,KW,93,23250,2.0,1.0,2,0.19,15
2770,BLW,KW,107,26750,3.0,1.0,2,0.2,15
2771,BLW,KW,105,26250,3.0,1.0,1,0.11,15
2772,BLW,KW,103,25750,3.0,1.0,1,0.18,15
2773,BLW,KW,112,28000,3.0,1.0,2,0.22,15
2774,BLW,KW,110,27500,3.0,1.0,2,0.2,15
2775,BLW,KW,90,22500,2.0,1.0,1,0.14,15
2776,BLW,KW,115,28750,3.0,1.0,2,0.11,15
2777,BLW,KW,112,28000,3.0,1.0,2,0.27,15
2778,BLW,KW,91,22750,2.0,1.0,2,0.26,15
2779,BLW,KW,91,22750,2.0,1.0,2,0.13,15
2780,BLW,KW,85,21250,2.0,1.0,2,0.23,15
2781,BLW,KW,107,26750,3.0,1.0,2,0.13,15
2782,BLW,KW,92,23000,2.0,1.0,1,0.13,15
2783,BLW,KW,106,26500,3.0,1.0,1,0.25,15
2784,BLW,KW,82,20500,2.0,1.0,2,0.29,15
2785,BLW,KW,92,23000,2.0,1.0,1,0.26,15
2786,BLW,KW,120,30000,3.0,1.0,1,0.13,15
2787,BLW,KW,112,28000,3.0,1.0,2,0.25,15
2788,BLW,KW,116,29000,3.0,1.0,2,0.21,15
2789,BLW,KW,85,21250,2.0,1.0,1,0.22,15
2790,BLW,KW,112,28000,3.0,1.0,2,0.15,15
2791,BLW,KW,95,23750,2.0,1.0,2,0.19,15
2792,BLW,KW,86,21500,2.0,1.0,1,0.28,15
2793,BLW,KW,112,28000,3.0,1.0,1,0.2,15
2794,BLW,KW,105,26250,3.0,1.0,2,0.13,15
2795,BLW,KW,106,26500,3.0,1.0,1,0.24,15
2796,BLW,KW,92,23000,2.0,1.0,1,0.27,15
2797,BLW,KW,80,20000,2.0,1.0,2,0.1,15
2798,BLW,KW,108,27000,3.0,1.0,2,0.15,15
2799,BLW,KW,104,26000,3.0,1.0,1,0.25,15
2800,BLW,KW,116,29000,3.0,1.0,2,0.19,15
2801,BLW,KW,111,27750,3.0,1.0,2,0.18,15
2802,BLW,KW,109,27250,3.0,1.0,2,0.11,15
2803,BLW,KW,110,27500,3.0,1.0,1,0.28,15
2804,BLW,KW,94,23500,2.0,1.0,2,0.11,15
2805,BLW,KW,107,26750,3.0,1.0,2,0.23,15
2806,BLW,KW,110,27500,3.0,1.0,1,0.23,15
2807,BLW,KW,118,29500,3.0,1.0,2,0.11,15
2808,BLW,KW,88,22000,2.0,1.0,2,0.28,15
2809,BLW,KW,115,28750,3.0,1.0,1,0.13,15
2810,BLW,KW,109,27250,3.0,1.0,1,0.18,15
2811,BLW,KW,119,29750,3.0,1.0,2,0.12,15
2812,BLW,KW,83,20750,2.0,1.0,2,0.2,15
2813,BLW,KW,119,29750,3.0,1.0,1,0.19,15
2814,BLW,KW,113,28250,3.0,1.0,1,0.1,15
2815,BLW,KW,86,21500,2.0,1.0,1,0.16,15
2816,BLW,KW,106,26500,3.0,1.0,1,0.28,15
2817,BLW,KW,105,26250,3.0,1.0,2,0.26,15
2818,BLW,KW,88,22000,2.0,1.0,1,0.19,15
2819,BLW,KW,90,22500,2.0,1.0,1,0.16,15
2820,BLW,KW,104,26000,3.0,1.0,1,0.18,15
2821,BLW,KW,117,29250,3.0,1.0,2,0.27,15
2822,BLW,KW,108,27000,3.0,1.0,1,0.18,15
2823,BLW,KW,90,22500,2.0,1.0,2,0.28,15
2824,BLW,KW,87,21750,2.0,1.0,1,0.22,15
2825,BLW,KW,106,26500,3.0,1.0,1,0.29,15
2826,BLW,KW,121,30250,3.0,1.0,2,0.17,15
2827,BLW,KW,107,26750,3.0,1.0,1,0.13,15
2828,BLW,KW,111,27750,3.0,1.0,2,0.12,15
2829,BLW,KW,91,22750,2.0,1.0,2,0.12,15
2830,BLW,KW,84,21000,2.0,1.0,1,0.27,15
2831,BLW,KW,85,21250,2.0,1.0,2,0.11,15
2832,BLW,KW,106,26500,3.0,1.0,1,0.16,15
2833,BLW,KW,110,27500,3.0,1.0,1,0.12,15
2834,BLW,KW,113,28250,3.0,1.0,1,0.28,15
2835,BLW,KW,109,27250,3.0,1.0,1,0.22,15
2836,BLW,KW,110,27500,3.0,1.0,2,0.23,15
2837,BLW,KW,119,29750,3.0,1.0,2,0.15,15
2838,BLW,KW,113,28250,3.0,1.0,1,0.21,15
2839,BLW,KW,119,29750,3.0,1.0,2,0.23,15
2840,BLW,KW,103,25750,3.0,1.0,2,0.11,15
2841,BLW,KW,87,21750,2.0,1.0,1,0.23,15
2842,BLW,KW,97,24250,2.0,1.0,1,0.19,15
2843,BLW,KW,112,28000,3.0,1.0,2,0.19,15
2844,BLW,KW,89,22250,2.0,1.0,2,0.27,15
2845,BLW,KW,116,29000,3.0,1.0,1,0.2,15
2846,BLW,KW,88,22000,2.0,1.0,2,0.22,15
2847,BLW,KW,101,25250,3.0,1.0,2,0.17,15
2848,BLW,KW,94,23500,2.0,1.0,2,0.25,15
2849,BLW,KW,90,22500,2.0,1.0,1,0.24,15
2850,BLW,KW,121,30250,3.0,1.0,2,0.17,15
2851,BLW,KW,91,22750,2.0,1.0,2,0.22,15
2852,BLW,KW,86,21500,2.0,1.0,2,0.26,15
2853,BLW,KW,93,23250,2.0,1.0,2,0.11,15
2854,BLW,KW,118,29500,3.0,1.0,2,0.22,15
2855,BLW,KW,85,21250,2.0,1.0,2,0.11,15
2856,BLW,KW,87,21750,2.0,1.0,2,0.17,15
2857,BLW,KW,82,20500,2.0,1.0,1,0.1,15
2858,BLW,KW,105,26250,3.0,1.0,2,0.23,15
2859,BLW,KW,85,21250,2.0,1.0,1,0.17,15
2860,BLW,KW,82,20500,2.0,1.0,1,0.25,15
4307,MSNT,LV,566,424500,6.0,5.0,3,0.57,15
4316,MSNT,LV,559,419250,5.0,5.0,2,0.57,15
4326,MSNT,LV,582,436500,6.0,5.0,2,0.53,15
4337,MSNT,LV,571,428250,6.0,5.0,2,0.57,15
4344,MSNT,LV,587,440250,6.0,4.0,2,0.54,15
4360,MSNT,LV,609,456750,6.0,5.0,3,0.59,15
4361,MSNT,LV,560,420000,6.0,5.0,3,0.59,15
4400,MSNT,LV,602,451500,6.0,5.0,3,0.53,15
4419,MSNT,LV,610,457500,6.0,5.0,3,0.52,15
4437,MSNT,LV,576,432000,6.0,5.0,2,0.59,15
4449,MSNT,LV,604,453000,6.0,5.0,3,0.54,15
4462,MSNT,LV,611,458250,6.0,5.0,3,0.58,15
4467,MSNT,LV,568,426000,6.0,4.0,2,0.51,15
4476,MSNT,LV,565,423750,6.0,5.0,3,0.57,15
4485,MSNT,LV,576,432000,6.0,5.0,2,0.55,15
4504,MSNT,LV,599,449250,6.0,5.0,2,0.5,15
4524,MSNT,LV,581,435750,6.0,4.0,3,0.59,15
4537,MSNT,LV,569,426750,6.0,4.0,3,0.54,15
4538,MSNT,LV,607,455250,6.0,5.0,3,0.52,15
4554,MSNT,LV,577,432750,6.0,5.0,3,0.58,15
4559,MSNT,LV,562,421500,6.0,4.0,2,0.54,15
4570,MSNT,LV,564,423000,6.0,5.0,3,0.5,15
4574,MSNT,LV,596,447000,6.0,5.0,3,0.53,15
4590,MSNT,LV,597,447750,6.0,4.0,3,0.58,15
4592,MSNT,LV,564,423000,6.0,5.0,3,0.54,15
4597,MSNT,LV,568,426000,6.0,5.0,2,0.57,15
4622,MSNT,LV,592,444000,6.0,5.0,3,0.58,15
4626,MSNT,LV,568,426000,6.0,4.0,2,0.51,15
4660,MSNT,LV,565,423750,6.0,5.0,2,0.52,15
4669,MSNT,LV,606,454500,6.0,5.0,2,0.55,15
4670,MSNT,LV,559,419250,6.0,5.0,2,0.59,15
4694,MSNT,LV,562,421500,6.0,5.0,2,0.54,15
4701,MSNT,LV,562,421500,6.0,4.0,2,0.57,15
4705,MSNT,LV,585,438750,6.0,5.0,3,0.57,15
4730,MSNT,LV,568,426000,6.0,5.0,3,0.55,15
4740,MSNT,LV,591,443250,6.0,4.0,3,0.54,15
4765,MSNT,LV,598,448500,6.0,5.0,3,0.58,15
4775,MSNT,LV,606,454500,6.0,5.0,2,0.55,15
4795,MSNT,LV,585,438750,6.0,4.0,3,0.54,15
4801,MSNT,LV,566,424500,6.0,5.0,3,0.58,15
4804,MSNT,LV,566,424500,6.0,5.0,2,0.59,15
4809,MSNT,LV,576,432000,6.0,4.0,3,0.59,15
4812,MSNT,LV,584,438000,6.0,4.0,3,0.57,15
4845,MSNT,LV,578,433500,6.0,4.0,3,0.57,15
4846,MSNT,LV,567,425250,6.0,5.0,2,0.52,15
4872,MSNT,LV,559,419250,6.0,3.0,2,0.58,15
4875,MSNT,LV,613,459750,6.0,5.0,2,0.55,15
4885,MSNT,LV,583,437250,6.0,4.0,3,0.53,15
4895,MSNT,LV,562,421500,6.0,3.0,2,0.57,15
4907,MSNT,LV,569,426750,6.0,3.0,3,0.5,15
4920,MSNT,LV,574,430500,6.0,5.0,2,0.57,15
4921,MSNT,LV,600,450000,6.0,5.0,2,0.56,15
4932,MSNT,LV,584,438000,6.0,5.0,3,0.56,15
4936,MSNT,LV,592,444000,6.0,4.0,2,0.54,15
4965,MSNT,LV,578,433500,6.0,5.0,3,0.58,15
4972,MSNT,LV,577,432750,6.0,4.0,2,0.57,15
4998,MSNT,LV,604,453000,6.0,5.0,2,0.53,15
5010,MSNT,LV,575,431250,6.0,4.0,3,0.5,15
5044,MSNT,LV,611,458250,6.0,5.0,2,0.57,15
5053,MSNT,LV,598,448500,6.0,5.0,2,0.52,15
5068,MSNT,LV,592,444000,6.0,5.0,3,0.53,15
5069,MSNT,LV,567,425250,6.0,3.0,2,0.57,15
5129,MSNT,LV,564,423000,6.0,4.0,2,0.57,15
5157,MSNT,LV,577,432750,6.0,5.0,2,0.5,15
5173,MSNT,LV,559,419250,6.0,3.0,3,0.53,15
5179,MSNT,LV,582,436500,6.0,5.0,3,0.56,15
5204,MSNT,LV,569,426750,6.0,5.0,3,0.52,15
5212,MSNT,LV,567,425250,6.0,4.0,3,0.52,15
5241,MSNT,LV,578,433500,6.0,5.0,2,0.59,15
5242,MSNT,LV,580,435000,6.0,5.0,2,0.58,15
5250,MSNT,LV,559,419250,6.0,5.0,2,0.54,15
5265,MSNT,LV,566,424500,6.0,3.0,2,0.51,15
5272,MSNT,LV,575,431250,6.0,5.0,2,0.52,15
5284,MSNT,LV,592,444000,6.0,5.0,3,0.51,15
5302,MSNT,LV,586,439500,6.0,5.0,3,0.58,15
5322,MSNT,LV,573,429750,6.0,5.0,3,0.55,15
5334,MSNT,LV,572,429000,6.0,4.0,3,0.5,15
5338,MSNT,LV,573,429750,6.0,4.0,2,0.5,15
5341,MSNT,LV,575,431250,6.0,3.0,2,0.57,15
5360,MSNT,LV,569,426750,6.0,4.0,3,0.56,15
5364,MSNT,LV,568,426000,6.0,5.0,3,0.54,15
5365,MSNT,LV,577,432750,6.0,4.0,2,0.57,15
5385,MSNT,LV,609,456750,6.0,5.0,2,0.59,15
5393,MSNT,LV,566,424500,6.0,4.0,3,0.52,15
5400,MSNT,LV,601,450750,6.0,5.0,2,0.57,15
5402,MSNT,LV,582,436500,6.0,5.0,3,0.5,15
5407,MSNT,LV,593,444750,6.0,4.0,3,0.54,15
5432,MSNT,LV,596,447000,6.0,5.0,3,0.54,15
5436,APT,LV,320,176000,4.0,2.0,3,0.54,15
5438,APT,LV,358,196900,4.0,3.0,2,0.54,15
5440,APT,LV,371,204050,4.0,3.0,2,0.55,15
5441,APT,LV,380,209000,4.0,3.0,2,0.53,15
5442,APT,LV,319,175450,4.0,3.0,3,0.51,15
5447,APT,LV,378,207900,4.0,3.0,3,0.58,15
5448,APT,LV,326,179300,3.0,3.0,2,0.58,15
5452,APT,LV,331,182050,4.0,2.0,3,0.58,15
5454,APT,LV,361,198550,4.0,2.0,2,0.52,15
5464,APT,LV,362,199100,4.0,3.0,2,0.56,15
5465,APT,LV,330,181500,4.0,3.0,3,0.51,15
5466,APT,LV,351,193050,4.0,2.0,3,0.51,15
5468,APT,LV,331,182050,4.0,3.0,2,0.5,15
5471,APT,LV,364,200200,4.0,2.0,3,0.51,15
5472,APT,LV,339,186450,4.0,3.0,3,0.51,15
5473,APT,LV,363,199650,4.0,3.0,2,0.58,15
5474,APT,LV,335,184250,4.0,2.0,2,0.5,15
5476,APT,LV,336,184800,4.0,3.0,2,0.52,15
5477,APT,LV,324,178200,4.0,3.0,3,0.58,15
5478,APT,LV,314,172700,3.0,3.0,3,0.55,15
5482,APT,LV,368,202400,4.0,3.0,2,0.54,15
5483,APT,LV,337,185350,4.0,3.0,3,0.52,15
5485,APT,LV,328,180400,4.0,2.0,2,0.56,15
5487,APT,LV,314,172700,4.0,3.0,3,0.53,15
5489,APT,LV,318,174900,3.0,3.0,3,0.51,15
5492,APT,LV,350,192500,4.0,2.0,2,0.59,15
5493,APT,LV,325,178750,3.0,3.0,3,0.52,15
5495,APT,LV,333,183150,4.0,3.0,2,0.5,15
5497,APT,LV,332,182600,4.0,2.0,3,0.52,15
5501,APT,LV,328,180400,3.0,3.0,3,0.56,15
5502,APT,LV,341,187550,4.0,3.0,3,0.51,15
5503,APT,LV,338,185900,3.0,3.0,2,0.52,15
5504,APT,LV,318,174900,4.0,2.0,2,0.52,15
5507,APT,LV,352,193600,4.0,2.0,3,0.58,15
5510,APT,LV,319,175450,4.0,3.0,2,0.54,15
5514,APT,LV,361,198550,4.0,3.0,2,0.56,15
5516,APT,LV,340,187000,4.0,2.0,3,0.54,15
5517,APT,LV,323,177650,4.0,3.0,2,0.56,15
5518,APT,LV,359,197450,4.0,3.0,3,0.51,15
5520,APT,LV,322,177100,4.0,3.0,3,0.55,15
5523,APT,LV,338,185900,4.0,3.0,3,0.59,15
5524,APT,LV,384,211200,4.0,3.0,2,0.59,15
5525,APT,LV,371,204050,4.0,2.0,2,0.58,15
5529,APT,LV,347,190850,4.0,2.0,2,0.55,15
5531,APT,LV,395,217250,4.0,3.0,3,0.53,15
5535,APT,LV,357,196350,4.0,2.0,2,0.51,15
5536,APT,LV,322,177100,4.0,2.0,3,0.53,15
5538,APT,LV,329,180950,3.0,3.0,2,0.55,15
5539,APT,LV,314,172700,4.0,2.0,3,0.53,15
5541,APT,LV,371,204050,4.0,3.0,3,0.57,15
5542,APT,LV,331,182050,4.0,3.0,2,0.56,15
5550,APT,LV,364,200200,4.0,3.0,2,0.55,15
5552,APT,LV,340,187000,4.0,3.0,3,0.55,15
5553,APT,LV,315,173250,3.0,2.0,3,0.51,15
5554,APT,LV,332,182600,3.0,3.0,3,0.56,15
5559,APT,LV,340,187000,4.0,3.0,2,0.51,15
5560,APT,LV,326,179300,4.0,3.0,2,0.5,15
5563,APT,LV,326,179300,4.0,2.0,2,0.53,15
5570,APT,LV,344,189200,4.0,3.0,3,0.52,15
5575,APT,LV,336,184800,4.0,2.0,2,0.53,15
5579,APT,LV,384,211200,4.0,3.0,3,0.56,15
5580,APT,LV,353,194150,4.0,2.0,3,0.59,15
5581,APT,LV,364,200200,4.0,3.0,3,0.59,15
5584,APT,LV,329,180950,3.0,3.0,3,0.57,15
5586,APT,LV,333,183150,4.0,2.0,2,0.59,15
5592,APT,LV,321,176550,4.0,3.0,3,0.57,15
5593,APT,LV,358,196900,4.0,3.0,2,0.59,15
5594,APT,LV,373,205150,4.0,3.0,3,0.57,15
5595,APT,LV,325,178750,4.0,3.0,2,0.57,15
5600,APT,LV,320,176000,4.0,3.0,2,0.59,15
5601,APT,LV,358,196900,4.0,3.0,3,0.51,15
5602,APT,LV,315,173250,3.0,3.0,2,0.56,15
5604,APT,LV,344,189200,4.0,3.0,3,0.57,15
5609,APT,LV,329,180950,4.0,2.0,3,0.52,15
5610,APT,LV,314,172700,4.0,2.0,2,0.53,15
5611,APT,LV,324,178200,3.0,3.0,2,0.51,15
5613,APT,LV,333,183150,4.0,3.0,2,0.52,15
5614,APT,LV,325,178750,4.0,2.0,2,0.57,15
5618,APT,LV,374,205700,4.0,3.0,3,0.57,15
5620,APT,LV,315,173250,4.0,3.0,3,0.59,15
5624,APT,LV,369,202950,4.0,3.0,2,0.54,15
5625,APT,LV,341,187550,4.0,2.0,3,0.52,15
5626,APT,LV,358,196900,4.0,2.0,2,0.56,15
5627,APT,LV,353,194150,4.0,2.0,2,0.58,15
5633,APT,LV,383,210650,4.0,3.0,3,0.53,15
5636,APT,LV,313,172150,3.0,3.0,2,0.5,15
5637,APT,LV,324,178200,4.0,2.0,2,0.51,15
5639,APT,LV,314,172700,4.0,3.0,3,0.51,15
5640,APT,LV,360,198000,4.0,3.0,2,0.57,15
5641,APT,LV,375,206250,4.0,2.0,2,0.59,15
5642,APT,LV,318,174900,4.0,2.0,2,0.53,15
5644,APT,LV,369,202950,4.0,3.0,2,0.57,15
5649,APT,LV,338,185900,4.0,2.0,2,0.54,15
5650,APT,LV,342,188100,4.0,3.0,3,0.59,15
5654,APT,LV,314,172700,3.0,3.0,2,0.53,15
5656,APT,LV,383,210650,4.0,3.0,2,0.59,15
5661,APT,LV,325,178750,4.0,2.0,2,0.59,15
5662,APT,LV,313,172150,3.0,3.0,2,0.55,15
5664,APT,LV,324,178200,4.0,2.0,3,0.51,15
5665,APT,LV,335,184250,4.0,3.0,2,0.56,15
5666,APT,LV,367,201850,4.0,3.0,2,0.52,15
5667,APT,LV,363,199650,4.0,2.0,2,0.58,15
5669,APT,LV,359,197450,4.0,3.0,3,0.59,15
5673,APT,LV,314,172700,4.0,2.0,3,0.5,15
5675,APT,LV,366,201300,4.0,3.0,2,0.5,15
5677,APT,LV,345,189750,4.0,2.0,2,0.52,15
5679,APT,LV,323,177650,3.0,3.0,2,0.5,15
5682,APT,LV,346,190300,4.0,3.0,3,0.55,15
5686,APT,LV,358,196900,4.0,2.0,2,0.55,15
5687,APT,LV,329,180950,4.0,3.0,2,0.51,15
5688,APT,LV,364,200200,4.0,3.0,3,0.53,15
5689,APT,LV,333,183150,4.0,2.0,2,0.58,15
5692,APT,LV,326,179300,4.0,2.0,2,0.53,15
5694,APT,LV,313,172150,4.0,3.0,2,0.53,15
5695,APT,LV,357,196350,4.0,3.0,2,0.57,15
5697,APT,LV,320,176000,4.0,2.0,3,0.58,15
5698,APT,LV,369,202950,4.0,2.0,3,0.57,15
5699,APT,LV,350,192500,4.0,2.0,2,0.53,15
5701,APT,LV,328,180400,4.0,3.0,3,0.5,15
5705,APT,LV,325,178750,4.0,3.0,3,0.51,15
5710,APT,LV,358,196900,4.0,2.0,3,0.58,15
5712,APT,LV,375,206250,4.0,3.0,2,0.59,15
5716,APT,LV,352,193600,4.0,2.0,2,0.57,15
5719,APT,LV,339,186450,4.0,3.0,3,0.55,15
5720,APT,LV,339,186450,4.0,3.0,3,0.58,15
5721,BLW,WL,200,80000,3.0,2.0,2,0.36,65
5722,BLW,WL,143,57200,2.0,1.0,2,0.37,65
5723,BLW,WL,150,60000,2.0,1.0,2,0.48,65
5724,BLW,WL,170,68000,3.0,2.0,2,0.43,65
5725,BLW,WL,178,71200,2.0,2.0,2,0.46,65
5726,BLW,WL,191,76400,3.0,1.0,2,0.49,65
5727,BLW,WL,193,77200,3.0,2.0,2,0.39,65
5728,BLW,WL,163,65200,2.0,2.0,2,0.4,65
5729,BLW,WL,147,58800,2.0,2.0,2,0.36,65
5730,BLW,WL,150,60000,2.0,2.0,2,0.46,65
5731,BLW,WL,134,53600,2.0,1.0,2,0.35,65
5732,BLW,WL,158,63200,3.0,1.0,2,0.43,65
5733,BLW,WL,139,55600,2.0,1.0,2,0.46,65
5734,BLW,WL,149,59600,3.0,1.0,2,0.45,65
5735,BLW,WL,141,56400,2.0,2.0,2,0.31,65
5736,BLW,WL,195,78000,3.0,2.0,2,0.43,65
5737,BLW,WL,143,57200,3.0,1.0,2,0.4,65
5738,BLW,WL,133,53200,2.0,1.0,2,0.3,65
5739,BLW,WL,167,66800,2.0,2.0,2,0.35,65
5740,BLW,WL,177,70800,3.0,2.0,2,0.48,65
5741,BLW,WL,147,58800,3.0,2.0,2,0.47,65
5742,BLW,WL,143,57200,2.0,2.0,2,0.4,65
5743,BLW,WL,152,60800,3.0,1.0,2,0.4,65
5744,BLW,WL,191,76400,3.0,1.0,2,0.36,65
5745,BLW,WL,128,51200,2.0,2.0,2,0.31,65
5746,BLW,WL,166,66400,3.0,2.0,2,0.44,65
5747,BLW,WL,129,51600,2.0,2.0,2,0.39,65
5748,BLW,WL,155,62000,2.0,2.0,2,0.33,65
5749,BLW,WL,146,58400,2.0,2.0,2,0.34,65
5750,BLW,WL,141,56400,2.0,1.0,2,0.33,65
5751,BLW,WL,133,53200,3.0,1.0,2,0.32,65
5752,BLW,WL,193,77200,3.0,2.0,2,0.46,65
5753,BLW,WL,179,71600,3.0,1.0,2,0.45,65
5754,BLW,WL,183,73200,3.0,1.0,2,0.39,65
5755,BLW,WL,188,75200,3.0,2.0,2,0.49,65
5756,BLW,WL,177,70800,3.0,1.0,2,0.35,65
5757,BLW,WL,153,61200,2.0,2.0,2,0.49,65
5758,BLW,WL,201,80400,3.0,2.0,2,0.36,65
5759,BLW,WL,198,79200,3.0,1.0,2,0.4,65
5760,BLW,WL,134,53600,2.0,1.0,2,0.41,65
5761,BLW,WL,156,62400,2.0,2.0,2,0.31,65
5762,BLW,WL,128,51200,2.0,2.0,2,0.31,65
5763,BLW,WL,123,49200,2.0,1.0,2,0.47,65
5764,BLW,WL,157,62800,3.0,1.0,2,0.39,65
5765,BLW,WL,177,70800,3.0,1.0,2,0.4,65
5766,BLW,WL,155,62000,2.0,1.0,2,0.34,65
5767,BLW,WL,185,74000,3.0,2.0,2,0.35,65
5768,BLW,WL,176,70400,3.0,2.0,2,0.33,65
5769,BLW,WL,147,58800,2.0,1.0,2,0.36,65
5770,BLW,WL,197,78800,3.0,1.0,2,0.45,65
5771,BLW,WL,184,73600,3.0,1.0,2,0.47,65
5772,BLW,WL,171,68400,3.0,2.0,2,0.46,65
5773,BLW,WL,133,53200,2.0,1.0,2,0.42,65
5774,BLW,WL,160,64000,3.0,2.0,2,0.35,65
5775,BLW,WL,185,74000,3.0,1.0,2,0.41,65
5776,BLW,WL,202,80800,3.0,1.0,2,0.3,65
5777,BLW,WL,201,80400,3.0,2.0,2,0.49,65
5778,BLW,WL,130,52000,2.0,2.0,2,0.43,65
5779,BLW,WL,154,61600,2.0,2.0,2,0.37,65
5780,BLW,WL,193,77200,3.0,2.0,2,0.36,65
5781,BLW,WL,179,71600,3.0,2.0,2,0.31,65
5782,BLW,WL,158,63200,3.0,1.0,2,0.38,65
5783,BLW,WL,180,72000,3.0,2.0,2,0.31,65
5784,BLW,WL,147,58800,3.0,1.0,2,0.46,65
5785,BLW,WL,206,82400,3.0,2.0,2,0.37,65
5786,BLW,WL,192,76800,3.0,2.0,2,0.33,65
5787,BLW,WL,218,87200,3.0,2.0,2,0.37,65
5788,BLW,WL,208,83200,3.0,2.0,2,0.31,65
5789,BLW,WL,135,54000,2.0,1.0,2,0.41,65
5790,BLW,WL,171,68400,3.0,1.0,2,0.48,65
5791,BLW,WL,150,60000,2.0,1.0,2,0.48,65
5792,BLW,WL,144,57600,2.0,1.0,2,0.35,65
5793,BLW,WL,120,48000,2.0,1.0,2,0.4,65
5794,BLW,WL,137,54800,2.0,1.0,2,0.39,65
5795,BLW,WL,157,62800,3.0,1.0,2,0.31,65
5796,BLW,WL,218,87200,3.0,2.0,2,0.34,65
5797,BLW,WL,165,66000,3.0,1.0,2,0.3,65
5798,BLW,WL,162,64800,2.0,2.0,2,0.41,65
5799,BLW,WL,180,72000,2.0,2.0,2,0.47,65
5800,BLW,WL,200,80000,3.0,2.0,2,0.41,65
5801,BLW,WL,149,59600,2.0,2.0,2,0.47,65
5802,BLW,WL,122,48800,2.0,1.0,2,0.45,65
5803,BLW,WL,156,62400,3.0,2.0,2,0.36,65
5804,BLW,WL,132,52800,2.0,1.0,2,0.35,65
5805,BLW,WL,149,59600,2.0,1.0,2,0.45,65
5806,BLW,WL,160,64000,2.0,2.0,2,0.43,65
5807,BLW,WL,150,60000,2.0,1.0,2,0.35,65
5808,BLW,WL,210,84000,3.0,1.0,2,0.47,65
5809,BLW,WL,191,76400,3.0,2.0,2,0.35,65
5810,BLW,WL,160,64000,2.0,2.0,2,0.41,65
5811,BLW,WL,209,83600,3.0,2.0,2,0.44,65
5812,BLW,WL,178,71200,3.0,1.0,2,0.36,65
5813,BLW,WL,187,74800,3.0,2.0,2,0.47,65
5814,BLW,WL,186,74400,3.0,1.0,2,0.39,65
5815,BLW,WL,153,61200,2.0,2.0,2,0.49,65
5816,BLW,WL,154,61600,2.0,2.0,2,0.49,65
5817,BLW,WL,166,66400,3.0,2.0,2,0.3,65
5818,BLW,WL,141,56400,2.0,2.0,2,0.39,65
5819,BLW,WL,177,70800,3.0,1.0,2,0.39,65
5820,BLW,WL,162,64800,3.0,1.0,2,0.45,65
5821,BLW,WL,120,48000,2.0,2.0,2,0.34,65
5822,BLW,WL,142,56800,2.0,2.0,2,0.35,65
5823,BLW,WL,155,62000,2.0,2.0,2,0.32,65
5824,BLW,WL,151,60400,2.0,1.0,2,0.44,65
5825,BLW,WL,200,80000,3.0,1.0,2,0.36,65
5826,BLW,WL,130,52000,2.0,1.0,2,0.39,65
5827,BLW,WL,165,66000,3.0,2.0,2,0.38,65
5828,BLW,WL,145,58000,2.0,2.0,2,0.46,65
5829,BLW,WL,180,72000,3.0,2.0,2,0.41,65
5830,BLW,WL,152,60800,2.0,1.0,2,0.34,65
5831,BLW,WL,132,52800,2.0,1.0,2,0.31,65
5832,BLW,WL,209,83600,3.0,2.0,2,0.41,65
5833,BLW,WL,124,49600,2.0,1.0,2,0.35,65
5834,BLW,WL,136,54400,2.0,1.0,2,0.48,65
5835,BLW,WL,149,59600,2.0,1.0,2,0.36,65
5836,BLW,WL,166,66400,3.0,2.0,2,0.33,65
5837,BLW,WL,156,62400,2.0,2.0,2,0.49,65
5838,BLW,WL,208,83200,3.0,2.0,2,0.45,65
5839,BLW,WL,151,60400,2.0,1.0,2,0.45,65
5840,BLW,WL,176,70400,3.0,2.0,2,0.42,65
5841,BLW,WL,129,51600,2.0,1.0,2,0.36,65
5842,BLW,WL,164,65600,2.0,2.0,2,0.49,65
5843,BLW,WL,188,75200,3.0,2.0,2,0.4,65
5844,BLW,WL,163,65200,2.0,1.0,2,0.47,65
5845,BLW,WL,127,50800,2.0,1.0,2,0.38,65
5846,BLW,WL,180,72000,3.0,1.0,2,0.33,65
5847,BLW,WL,121,48400,2.0,1.0,2,0.35,65
5848,BLW,WL,162,64800,2.0,1.0,2,0.48,65
5849,BLW,WL,201,80400,3.0,1.0,2,0.41,65
5850,BLW,WL,138,55200,2.0,2.0,2,0.32,65
5851,BLW,WL,142,56800,2.0,1.0,2,0.39,65
5852,BLW,WL,139,55600,2.0,1.0,2,0.48,65
5853,BLW,WL,150,60000,2.0,1.0,2,0.32,65
5854,BLW,WL,180,72000,3.0,1.0,2,0.39,65
5855,BLW,WL,184,73600,2.0,2.0,2,0.34,65
5856,BLW,WL,166,66400,3.0,2.0,2,0.49,65
5857,BLW,WL,193,77200,3.0,1.0,2,0.38,65
5858,BLW,WL,150,60000,2.0,2.0,2,0.33,65
5859,BLW,WL,160,64000,2.0,2.0,2,0.39,65
5860,BLW,WL,213,85200,3.0,1.0,2,0.34,65
5861,BLW,WL,154,61600,2.0,2.0,2,0.41,65
5862,BLW,WL,159,63600,3.0,1.0,2,0.34,65
5863,BLW,WL,112,44800,2.0,1.0,2,0.36,65
